{"cameraMode":{"drawMode":0,"name":"Shaded","section":"Shading Mode"},"sceneLighting":true,"audioPlay":false,"sceneViewState":{"m_AlwaysRefresh":false,"showFog":true,"showSkybox":true,"showFlares":true,"showImageEffects":true,"showParticleSystems":true,"showVisualEffectGraphs":true,"m_FxEnabled":true},"in2DMode":false,"pivot":{"x":0.21544605493545533,"y":4.698352813720703,"z":-12.224964141845704},"rotation":{"x":-0.22340793907642365,"y":0.0035059840884059669,"z":-0.0008034180500544608,"w":-0.9747241735458374},"size":0.8069263100624085,"orthographic":false}