{"cameraMode":{"drawMode":0,"name":"Shaded","section":"Shading Mode"},"sceneLighting":true,"audioPlay":false,"sceneViewState":{"m_AlwaysRefresh":false,"showFog":true,"showSkybox":true,"showFlares":true,"showImageEffects":true,"showParticleSystems":true,"showVisualEffectGraphs":true,"m_FxEnabled":true},"in2DMode":false,"pivot":{"x":1.1297742128372193,"y":-0.758643627166748,"z":-6.0049824714660648},"rotation":{"x":-0.24381281435489655,"y":0.013672524131834507,"z":-0.0034579311031848194,"w":-0.9697675108909607},"size":0.9068475365638733,"orthographic":false}