{"cameraMode":{"drawMode":0,"name":"Shaded","section":"Shading Mode"},"sceneLighting":true,"audioPlay":false,"sceneViewState":{"m_AlwaysRefresh":false,"showFog":true,"showSkybox":true,"showFlares":true,"showImageEffects":true,"showParticleSystems":true,"showVisualEffectGraphs":true,"m_FxEnabled":true},"in2DMode":false,"pivot":{"x":0.8775174617767334,"y":-5.660502910614014,"z":5.78228759765625},"rotation":{"x":0.19554300606250764,"y":0.007661346346139908,"z":-0.00150329212192446,"w":0.9807008504867554},"size":7.600306034088135,"orthographic":false}